City ID,City,Country,Lat,Lng,Max Temp,Humidity,Cloudiness,Wind Speed,Current Description
0,Rikitea,PF,-23.1203,-134.9692,79.34,25,14.14,PF,scattered clouds
1,Airai,TL,-8.9266,125.4092,69.8,100,1.74,TL,overcast clouds
2,Narsaq,GL,60.9167,-46.05,17.82,88,8.77,GL,overcast clouds
3,Wagar,SD,16.1525,36.2032,70.05,0,12.64,SD,clear sky
4,Contamana,PE,-7.3333,-75.0167,72.81,38,1.52,PE,scattered clouds
5,Bengkulu,ID,-3.8004,102.2655,78.87,99,2.8,ID,overcast clouds
6,Kapaa,US,22.0752,-159.319,80.58,75,4.61,US,broken clouds
7,Oranjestad,AW,12.524,-70.027,78.75,20,17.27,AW,few clouds
8,Hamilton,US,39.1834,-84.5333,36.79,0,1.01,US,clear sky
9,Jamestown,US,42.097,-79.2353,31.3,100,6.91,US,overcast clouds
10,Albany,US,42.6001,-73.9662,36.82,42,3.94,US,scattered clouds
11,Punta Arenas,CL,-53.15,-70.9167,44.71,75,5.75,CL,broken clouds
12,Port Elizabeth,ZA,-33.918,25.5701,61.09,0,4.61,ZA,clear sky
13,Port Hardy,CA,50.6996,-127.4199,45.75,75,10.36,CA,broken clouds
14,Karasjok,NO,69.4719,25.5112,14.11,100,6.04,NO,overcast clouds
15,Port Alfred,ZA,-33.5906,26.891,67.5,9,6.11,ZA,clear sky
16,Georgetown,MY,5.4112,100.3354,80.53,20,3.44,MY,moderate rain
17,Dillon,US,34.4166,-79.3712,55.26,22,7.31,US,few clouds
18,Buchanan,LR,5.8808,-10.0467,76.96,27,4.16,LR,scattered clouds
19,Saint-Augustin,CA,51.226,-58.6502,28.89,100,11.32,CA,light snow
20,Bluff,NZ,-46.6,168.3333,63.81,29,11.61,NZ,scattered clouds
21,Butaritari,KI,3.0707,172.7902,82.11,18,18.25,KI,few clouds
22,Mataura,NZ,-46.1927,168.8643,63.48,51,5.68,NZ,broken clouds
23,Meulaboh,ID,4.1363,96.1285,79.14,67,4.09,ID,broken clouds
24,Coalinga,US,36.1397,-120.3602,66.58,0,1.88,US,clear sky
25,The Valley,AI,18.217,-63.0578,76.86,45,24.72,AI,scattered clouds
26,Vaini,TO,-21.2,-175.2,86.16,40,11.5,TO,scattered clouds
27,Mount Gambier,AU,-37.8333,140.7667,68.02,99,11.9,AU,overcast clouds
28,Skibbereen,IE,51.55,-9.2667,37.2,100,0.96,IE,overcast clouds
29,Cape Town,ZA,-33.9258,18.4232,63.27,0,4.61,ZA,clear sky
30,Okhotsk,RU,59.3833,143.3,8.76,100,5.21,RU,overcast clouds
31,Margate,GB,51.3813,1.3862,37.96,4,20.15,GB,clear sky
32,Busselton,AU,-33.65,115.3333,88.09,0,7.43,AU,clear sky
33,Namatanai,PG,-3.6667,152.4333,83.79,79,6.6,PG,light rain
34,Hermanus,ZA,-34.4187,19.2345,61.9,0,2.42,ZA,clear sky
35,Dikson,RU,73.5069,80.5464,7.02,100,26.69,RU,overcast clouds
36,Angol,CL,-37.8,-72.7167,55.83,0,6.55,CL,clear sky
37,Kochi,IN,9.9399,76.2602,73.38,97,4.81,IN,overcast clouds
38,Saint-Philippe,RE,-21.3585,55.7679,74.79,12,5.26,RE,light rain
39,New Norfolk,AU,-42.7826,147.0587,69.75,15,1.99,AU,few clouds
40,Cherskiy,RU,68.75,161.3,-30.57,100,5.88,RU,overcast clouds
41,Cozumel,MX,20.5083,-86.9458,75.27,40,10.36,MX,scattered clouds
42,Awbari,LY,26.5921,12.7805,45.68,0,6.98,LY,clear sky
43,Carnarvon,AU,-24.8667,113.6333,93.27,19,10.36,AU,few clouds
44,Castro,BR,-24.7911,-50.0119,59.81,1,5.73,BR,clear sky
45,Flinders,AU,-34.5833,150.8552,72.68,100,13.33,AU,light rain
46,Kaitangata,NZ,-46.2817,169.8464,66.92,17,7.18,NZ,few clouds
47,Puerto Ayora,EC,-0.7393,-90.3518,74.55,86,1.99,EC,overcast clouds
48,Matongo,TZ,-2.3833,34.0833,62.46,100,3.11,TZ,light rain
49,Zyryanka,RU,65.75,150.85,-23.96,38,5.32,RU,scattered clouds
50,Bilma,NE,18.6853,12.9164,58.84,0,7.83,NE,clear sky
51,Tuktoyaktuk,CA,69.4541,-133.0374,-18.4,100,20.71,CA,light snow
52,Gawler,AU,-34.6,138.7333,77.22,49,8.55,AU,scattered clouds
53,Bichura,RU,50.5881,107.6022,-8.52,51,0.43,RU,broken clouds
54,Bambous Virieux,MU,-20.3428,57.7575,75.45,40,2.3,MU,light rain
55,Lebu,CL,-37.6167,-73.65,57.25,0,24.05,CL,clear sky
56,Portobelo,PA,9.55,-79.65,77.61,21,10.83,PA,few clouds
57,Souillac,MU,-20.5167,57.5167,75.58,40,2.3,MU,light rain
58,Yellowknife,CA,62.456,-114.3525,-17.45,100,8.05,CA,overcast clouds
59,San Quintin,MX,30.4833,-115.95,64.15,0,2.1,MX,clear sky
60,Avarua,CK,-21.2078,-159.775,78.85,75,9.22,CK,heavy intensity rain
61,Jijiga,ET,9.35,42.8,56.75,0,6.38,ET,clear sky
62,Victoria,HK,22.2855,114.1577,71.04,45,8.01,HK,scattered clouds
63,Nouadhibou,MR,20.931,-17.0347,71.58,98,13.8,MR,overcast clouds
64,Qaanaaq,GL,77.484,-69.3632,-21.87,94,5.06,GL,overcast clouds
65,Novo Aripuana,BR,-5.1206,-60.3797,73.72,100,2.15,BR,overcast clouds
66,Nelson Bay,AU,-32.7167,152.15,81.09,69,12.55,AU,broken clouds
67,Upernavik,GL,72.7868,-56.1549,-14.48,70,4.83,GL,broken clouds
68,Puebloviejo,CO,10.9938,-74.2844,84.38,75,10.36,CO,broken clouds
69,Camocim,BR,-2.9022,-40.8411,76.91,96,8.41,BR,overcast clouds
70,Ushuaia,AR,-54.8,-68.3,44.26,40,23.02,AR,scattered clouds
71,Kupang,ID,-10.1667,123.5833,81.36,60,3.4,ID,broken clouds
72,Severo-Yeniseyskiy,RU,60.3725,93.0408,-21.39,38,2.15,RU,scattered clouds
73,Shangrao,CN,28.4532,117.9686,43.29,100,3.36,CN,light rain
74,Lompoc,US,34.6391,-120.4579,73.13,0,0.0,US,clear sky
75,Hearst,CA,49.6835,-83.6665,5.25,100,5.5,CA,overcast clouds
76,Fairbanks,US,64.8378,-147.7164,-6.18,20,3.44,US,few clouds
77,Tukrah,LY,32.5341,20.5791,52.39,6,9.57,LY,clear sky
78,Westerland,DE,54.9079,8.3033,39.92,20,9.22,DE,few clouds
79,Altay,CN,47.8667,88.1167,-0.15,71,7.02,CN,broken clouds
80,Pointe Michel,DM,15.25,-61.3833,75.49,23,14.61,DM,few clouds
81,Akyab,MM,20.15,92.9,68.92,5,5.41,MM,clear sky
82,Shimoda,JP,34.6667,138.95,46.76,79,14.97,JP,broken clouds
83,Luderitz,NA,-26.6481,15.1594,69.19,23,13.31,NA,few clouds
84,Pangnirtung,CA,66.1451,-65.7125,-0.71,100,9.53,CA,light snow
85,Murgab,TM,37.4966,61.9714,39.07,75,4.61,TM,broken clouds
86,Thinadhoo,MV,0.5333,72.9333,81.01,100,2.19,MV,overcast clouds
87,Chara,RU,56.9064,118.2631,-16.85,93,1.5,RU,overcast clouds
88,Salta,AR,-24.7859,-65.4117,68.29,20,6.91,AR,few clouds
89,Port Blair,IN,11.6667,92.75,80.64,40,5.75,IN,mist
90,Chuy,UY,-33.6971,-53.4616,69.55,0,9.78,UY,clear sky
91,Kalabo,ZM,-14.97,22.6814,67.87,100,4.07,ZM,light rain
92,Jiuquan,CN,39.7432,98.5174,24.87,100,5.53,CN,overcast clouds
93,Praia Da Vitoria,PT,38.7333,-27.0667,58.75,75,3.2,PT,broken clouds
94,Chegutu,ZW,-18.1302,30.1407,62.47,54,4.27,ZW,light rain
95,Dole,FR,47.0833,5.5,47.01,75,13.8,FR,broken clouds
96,Olafsvik,IS,64.8945,-23.7142,35.29,99,16.87,IS,overcast clouds
97,Fortuna,US,40.5982,-124.1573,62.1,0,0.0,US,clear sky
98,Pisco,PE,-13.7,-76.2167,71.65,0,9.22,PE,clear sky
99,Salalah,OM,17.0151,54.0924,68.09,0,3.44,OM,clear sky
100,Vila,PT,42.0304,-8.1588,44.33,91,2.17,PT,overcast clouds
101,Pevek,RU,69.7008,170.3133,-28.17,100,8.61,RU,overcast clouds
102,Kamaishi,JP,39.2667,141.8833,36.55,100,11.86,JP,overcast clouds
103,Thompson,CA,55.7435,-97.8558,-18.24,0,11.5,CA,clear sky
104,Avare,BR,-23.0986,-48.9258,62.74,0,11.21,BR,clear sky
105,Mar Del Plata,AR,-38.0023,-57.5575,70.88,0,20.0,AR,clear sky
106,Saint George,US,37.1041,-113.5841,61.25,0,9.22,US,clear sky
107,Honiara,SB,-9.4333,159.95,83.95,92,8.23,SB,overcast clouds
108,Ankang,CN,32.68,109.0172,48.65,83,1.63,CN,moderate rain
109,Inirida,CO,3.8653,-67.9239,75.92,98,0.49,CO,overcast clouds
110,Yerbogachen,RU,61.2767,108.0108,-8.97,98,3.89,RU,overcast clouds
111,Cabo San Lucas,MX,22.8909,-109.9124,70.52,20,4.61,MX,few clouds
112,Kysyl-Syr,RU,63.8986,122.7617,-27.06,57,2.73,RU,broken clouds
113,Goroka,PG,-6.0834,145.3873,65.25,100,1.95,PG,overcast clouds
114,Valls,ES,41.2861,1.2499,46.83,14,3.94,ES,few clouds
115,Saskylakh,RU,71.9167,114.0833,2.3,93,11.21,RU,overcast clouds
116,Eureka,US,40.8021,-124.1637,62.37,0,1.01,US,clear sky
117,Nishihara,JP,26.1842,127.7558,66.25,40,6.91,JP,scattered clouds
118,Kodiak,US,57.79,-152.4072,35.11,100,25.32,US,overcast clouds
119,Beian,NO,63.6559,9.5683,34.02,75,32.21,NO,broken clouds
120,Sitka,US,57.0531,-135.33,35.49,75,0.0,US,broken clouds
121,Muisne,EC,0.6,-80.0333,76.03,100,5.26,EC,overcast clouds
122,Moranbah,AU,-22.0016,148.0466,88.92,0,9.51,AU,clear sky
123,Youhao,CN,47.8667,128.8333,12.47,100,3.8,CN,overcast clouds
124,Dutse,NG,11.7594,9.3392,60.12,24,7.65,NG,few clouds
125,Ust-Ishim,RU,57.6935,71.1665,-11.43,11,6.08,RU,few clouds
126,Tunceli,TR,39.1083,39.5471,34.66,15,6.2,TR,few clouds
127,Kununurra,AU,-15.7667,128.7333,91.38,39,4.61,AU,scattered clouds
128,Bethel,US,41.3712,-73.414,44.96,0,6.91,US,clear sky
129,Atuona,PF,-9.8,-139.0333,78.64,13,17.13,PF,few clouds
130,Los Llanos De Aridane,ES,28.6585,-17.9182,66.13,0,7.0,ES,clear sky
131,Bambanglipuro,ID,-7.95,110.2833,84.02,96,3.49,ID,overcast clouds
132,Faanui,PF,-16.4833,-151.75,81.59,30,14.14,PF,scattered clouds
133,Esperance,AU,-33.8667,121.9,100.24,32,22.21,AU,scattered clouds
134,Chokurdakh,RU,70.6333,147.9167,-24.86,69,9.91,RU,broken clouds
135,Hilo,US,19.7297,-155.09,76.73,100,8.05,US,overcast clouds
136,Vulcan,RO,45.3833,23.2667,32.11,3,3.8,RO,clear sky
137,Ponta Do Sol,PT,32.6667,-17.1,69.71,100,4.54,PT,overcast clouds
138,Port Macquarie,AU,-31.4333,152.9167,79.9,47,14.65,AU,scattered clouds
139,Havre,FR,49.5833,0.3333,42.57,0,13.8,FR,clear sky
140,Lagoa,PT,39.05,-27.9833,58.64,96,6.69,PT,overcast clouds
141,Lavrentiya,RU,65.5833,-171.0,-24.88,52,3.85,RU,broken clouds
142,Te Anau,NZ,-45.4167,167.7167,75.78,0,1.54,NZ,clear sky
143,Puerto Narino,CO,-3.7703,-70.3831,78.75,100,0.98,CO,overcast clouds
144,Quatre Cocos,MU,-20.2078,57.7625,75.31,8,6.15,MU,clear sky
145,Canutama,BR,-6.5339,-64.3831,74.7,100,1.52,BR,overcast clouds
146,Husavik,IS,66.0449,-17.3389,31.91,16,16.06,IS,few clouds
147,Bredasdorp,ZA,-34.5322,20.0403,52.92,0,4.61,ZA,clear sky
148,Hambantota,LK,6.1241,81.1185,75.54,75,3.44,LK,heavy intensity rain
149,Nanakuli,US,21.3906,-158.1547,80.55,75,6.91,US,broken clouds
150,Felanitx,ES,39.4696,3.1483,44.13,1,3.98,ES,clear sky
151,Amilly,FR,47.9728,2.7719,39.15,63,5.61,FR,broken clouds
152,Bud,US,39.447,-86.1758,33.17,98,6.38,US,overcast clouds
153,Torbay,CA,47.6666,-52.7314,32.58,75,14.97,CA,broken clouds
154,Severo-Kurilsk,RU,50.6789,156.125,28.98,94,4.85,RU,overcast clouds
155,Hobart,AU,-42.8794,147.3294,70.11,75,10.36,AU,broken clouds
156,Ancud,CL,-41.8697,-73.8203,51.42,8,10.94,CL,clear sky
157,Bobo Dioulasso,BF,11.1771,-4.2979,72.36,4,4.74,BF,clear sky
158,Kavaratti,IN,10.5669,72.642,79.72,62,10.89,IN,broken clouds
159,Broken Hill,AU,-31.95,141.4333,78.51,2,19.57,AU,clear sky
160,Longyearbyen,SJ,78.2186,15.6401,19.24,75,3.44,SJ,broken clouds
161,Tiksi,RU,71.6872,128.8694,-10.71,100,13.96,RU,overcast clouds
162,Lac Du Bonnet,CA,50.2536,-96.0612,21.11,100,5.75,CA,light snow
163,Namibe,AO,-15.1961,12.1522,72.28,100,5.84,AO,overcast clouds
164,Saint-Francois,FR,46.4154,3.9054,45.41,100,10.36,FR,overcast clouds
165,Geraldton,AU,-28.7667,114.6,95.41,5,14.97,AU,clear sky
166,East London,ZA,-33.0153,27.9116,69.76,45,3.62,ZA,scattered clouds
167,Brae,GB,60.3964,-1.353,37.31,95,13.76,GB,overcast clouds
168,Cidreira,BR,-30.1811,-50.2056,74.32,14,19.01,BR,few clouds
169,Ngunguru,NZ,-35.6167,174.5,78.17,74,13.0,NZ,broken clouds
170,Najran,SA,17.4924,44.1277,54.25,5,0.76,SA,clear sky
171,Kavieng,PG,-2.5744,150.7967,83.71,97,6.08,PG,light rain
172,Te Horo,NZ,-40.8084,175.1233,70.57,100,1.59,NZ,light rain
173,Saint-Denis,FR,48.9167,2.3333,39.15,0,6.91,FR,clear sky
174,Beringovskiy,RU,63.05,179.3167,-20.99,28,7.05,RU,scattered clouds
175,Bandarbeyla,SO,9.4942,50.8122,72.57,91,12.55,SO,light rain
176,Naryan-Mar,RU,67.6713,53.087,21.72,97,19.19,RU,overcast clouds
177,Tromso,NO,69.6496,18.957,32.02,75,11.5,NO,light snow
178,Zaozerne,UA,45.1582,33.2787,41.95,87,10.92,UA,overcast clouds
179,Dalby,AU,-27.1833,151.2667,91.98,0,4.0,AU,clear sky
180,Provideniya,RU,64.3833,-173.3,-7.49,0,8.95,RU,clear sky
181,Hay River,CA,60.8156,-115.7999,-4.02,75,3.44,CA,light snow
182,Mogoytuy,RU,51.2833,114.9167,-1.08,99,5.48,RU,overcast clouds
183,Zaraza,VE,9.3503,-65.3245,75.13,11,10.4,VE,few clouds
184,Sabanalarga,CO,10.6296,-74.9206,79.68,82,6.02,CO,broken clouds
185,Turbat,PK,26.0023,63.044,62.1,0,1.05,PK,clear sky
186,Iqaluit,CA,63.7506,-68.5145,1.13,75,2.3,CA,light snow
187,Acari,PE,-15.4311,-74.6158,72.48,46,4.05,PE,scattered clouds
188,Otaki,NZ,-40.7583,175.15,70.74,100,1.54,NZ,light rain
189,Mackay,AU,-21.15,149.2,91.69,0,14.97,AU,clear sky
190,Vestmannaeyjar,IS,63.4427,-20.2734,36.43,100,8.08,IS,overcast clouds
191,Ambon,ID,-3.6954,128.1814,80.74,40,3.44,ID,light rain
192,Auch,FR,43.65,0.5833,49.91,57,1.99,FR,broken clouds
193,Osakarovka,KZ,50.565,72.5692,-10.59,54,8.25,KZ,broken clouds
194,Vila Velha,BR,-20.3297,-40.2925,76.95,100,3.44,BR,overcast clouds
195,Rehoboth,NA,-23.3167,17.0833,66.2,100,10.96,NA,light rain
196,Katsuura,JP,35.1333,140.3,49.19,99,19.55,JP,overcast clouds
197,Clyde River,CA,70.4692,-68.5914,-19.97,100,14.97,CA,overcast clouds
198,Worthington,US,40.0931,-83.018,30.36,0,4.61,US,clear sky
199,Nueva Gerona,CU,21.8833,-82.8,72.77,2,17.13,CU,clear sky
200,Ukiah,US,39.1502,-123.2078,67.51,0,0.0,US,clear sky
201,Norman Wells,CA,65.282,-126.8329,-12.96,20,5.75,CA,few clouds
202,Jian,CN,27.1172,114.9793,44.02,99,4.97,CN,overcast clouds
203,Arraial Do Cabo,BR,-22.9661,-42.0278,72.1,100,1.7,BR,moderate rain
204,Coquimbo,CL,-29.9533,-71.3436,64.13,100,6.91,CL,overcast clouds
205,Songea,TZ,-10.6833,35.65,63.66,99,1.57,TZ,light rain
206,Nikolskoye,RU,59.7035,30.7861,33.87,96,8.59,RU,overcast clouds
207,San Patricio,US,28.017,-97.5169,59.83,100,7.16,US,overcast clouds
208,Grand Gaube,MU,-20.0064,57.6608,75.6,4,6.24,MU,clear sky
209,Tasiilaq,GL,65.6145,-37.6368,17.76,100,6.46,GL,overcast clouds
210,Hithadhoo,MV,-0.6,73.0833,80.91,100,3.98,MV,overcast clouds
211,Grindavik,IS,63.8424,-22.4338,32.47,75,5.75,IS,broken clouds
212,Chernushka,RU,56.5072,56.0766,19.15,100,11.39,RU,light snow
213,Aklavik,CA,68.2191,-135.0107,-17.57,19,0.51,CA,few clouds
214,Constitucion,CL,-35.3333,-72.4167,58.87,100,4.88,CL,overcast clouds
215,Fez,MA,34.0372,-4.9998,46.65,0,6.91,MA,clear sky
216,Ponerihouen,NC,-21.0833,165.4,85.26,100,13.4,NC,overcast clouds
217,Vao,NC,-22.6667,167.4833,81.82,100,35.57,NC,light rain
218,Strezhevoy,RU,60.7333,77.5889,-9.42,57,5.37,RU,broken clouds
219,Barrow,US,71.2906,-156.7887,-16.58,100,9.22,US,haze
220,Dzaoudzi,YT,-12.7887,45.2699,76.89,0,2.3,YT,clear sky
221,Klyuchi,RU,52.2667,79.1667,-22.9,95,3.15,RU,overcast clouds
222,Marsh Harbour,BS,26.5412,-77.0636,72.79,98,13.29,BS,overcast clouds
223,Srivardhan,IN,18.0333,73.0167,71.51,17,7.02,IN,few clouds
224,Leh,IN,34.1667,77.5833,-12.93,58,4.18,IN,broken clouds
225,Asau,RO,46.4333,26.4,38.95,100,7.07,RO,overcast clouds
226,Sawakin,SD,19.1059,37.3321,70.99,100,16.87,SD,overcast clouds
227,Waiuku,NZ,-37.25,174.75,81.28,89,7.7,NZ,overcast clouds
228,Sao Filipe,CV,14.8961,-24.4956,76.93,98,4.34,CV,overcast clouds
229,Nizip,TR,37.0097,37.7942,39.33,13,8.93,TR,few clouds
230,Avera,US,33.194,-82.5271,57.07,8,5.37,US,clear sky
231,Nanortalik,GL,60.1432,-45.2371,26.8,100,4.9,GL,overcast clouds
232,Lewisville,US,33.0462,-96.9942,62.67,0,6.91,US,clear sky
233,Opuwo,NA,-18.0607,13.84,66.18,100,2.1,NA,overcast clouds
234,Nea Manolas,GR,38.05,21.3833,46.11,0,0.0,GR,clear sky
235,Klaksvik,FO,62.2266,-6.589,36.52,93,25.52,FO,overcast clouds
236,Mugur-Aksy,RU,50.35,90.5,-18.2,24,5.06,RU,few clouds
237,Newcastleton,GB,55.1796,-2.8127,31.28,10,1.99,GB,clear sky
238,Amurzet,RU,47.6967,131.0981,9.16,100,4.59,RU,overcast clouds
239,Lop Buri,TH,14.7981,100.654,83.19,46,4.09,TH,scattered clouds
240,Palmer,US,42.1584,-72.3287,40.06,20,0.0,US,few clouds
241,Porechye-Rybnoye,RU,57.098,39.3835,31.91,100,10.96,RU,snow
242,Yeppoon,AU,-23.1333,150.7333,85.78,0,13.4,AU,clear sky
243,Tilichiki,RU,60.4667,166.1,-5.67,5,7.09,RU,clear sky
244,Yauya,PE,-8.9833,-77.3,49.23,100,5.3,PE,moderate rain
245,Berlevag,NO,70.8578,29.0864,23.27,100,10.98,NO,overcast clouds
246,Ihosy,MG,-22.4,46.1167,68.22,83,6.06,MG,broken clouds
247,Estevan,CA,49.1334,-102.9842,35.94,100,24.25,CA,overcast clouds
248,Kirakira,SB,-10.4544,161.9205,83.16,82,9.08,SB,broken clouds
249,Havelock,US,34.8791,-76.9013,52.95,8,1.99,US,clear sky
250,Kabalo,CD,-6.05,26.9167,68.04,100,3.44,CD,overcast clouds
251,Lesnoye,RU,58.2841,35.5158,29.35,100,8.46,RU,light snow
252,Puerto Carreno,CO,6.189,-67.4859,83.48,64,8.63,CO,broken clouds
253,Richards Bay,ZA,-28.783,32.0377,70.12,30,5.26,ZA,scattered clouds
254,Ribeira Grande,PT,38.5167,-28.7,59.97,100,10.09,PT,overcast clouds
255,Aleksandrovskoye,RU,44.7142,43.0008,37.54,72,16.62,RU,broken clouds
256,West Plains,US,36.7281,-91.8524,48.09,0,5.01,US,clear sky
257,Beloha,MG,-25.1667,45.05,73.09,69,9.24,MG,broken clouds
258,Taoudenni,ML,22.6783,-3.9836,58.75,2,10.49,ML,clear sky
259,Cuenca,EC,-2.8833,-78.9833,57.33,75,4.61,EC,light rain
260,Hualmay,PE,-11.0964,-77.6139,70.74,100,5.95,PE,overcast clouds
261,Mutoko,ZW,-17.397,32.2268,61.21,97,2.68,ZW,overcast clouds
262,Waingapu,ID,-9.6567,120.2641,82.65,98,2.26,ID,overcast clouds
263,Providencia,MX,28.7167,-111.5833,75.25,0,8.97,MX,clear sky
264,Pitimbu,BR,-7.4706,-34.8086,81.19,51,9.35,BR,broken clouds
265,Fort-Shevchenko,KZ,44.5086,50.263,36.03,64,14.85,KZ,broken clouds
266,Waspan,NI,14.7419,-83.9717,70.9,4,4.0,NI,clear sky
267,Vannes,FR,47.8333,-2.5,39.27,6,6.38,FR,clear sky
268,Homer,US,59.6425,-151.5483,32.77,0,5.75,US,clear sky
269,Havoysund,NO,70.9963,24.6622,34.68,96,24.81,NO,light snow
270,Leningradskiy,RU,69.3833,178.4167,-23.55,70,3.04,RU,broken clouds
271,Mahebourg,MU,-20.4081,57.7,75.49,40,2.3,MU,scattered clouds
272,Save,BJ,8.0425,2.486,77.92,0,3.87,BJ,clear sky
273,Prado,BR,-17.3411,-39.2208,76.96,2,7.09,BR,clear sky
274,Rio Tuba,PH,8.5061,117.4317,82.81,95,16.08,PH,overcast clouds
275,Uglovskoye,RU,51.3557,80.1942,-18.51,99,3.67,RU,overcast clouds
276,Ambilobe,MG,-13.2,49.05,72.93,99,1.81,MG,light rain
277,Nicoya,CR,10.1483,-85.452,78.35,14,3.8,CR,few clouds
278,Zhigansk,RU,66.7697,123.3711,-23.48,100,12.3,RU,overcast clouds
279,Coihaique,CL,-45.5752,-72.0662,49.95,0,8.05,CL,clear sky
280,Tautira,PF,-17.7333,-149.15,86.02,13,11.81,PF,few clouds
281,Santa Isabel Do Rio Negro,BR,-0.4139,-65.0192,74.35,99,2.39,BR,overcast clouds
282,Sur,OM,22.5667,59.5289,66.36,0,4.88,OM,clear sky
283,Auki,SB,-8.7676,160.7034,81.52,90,8.21,SB,light rain
284,Mizdah,LY,31.4451,12.9801,44.31,19,4.94,LY,few clouds
285,Hurghada,EG,27.2574,33.8129,54.82,0,15.82,EG,clear sky
286,Solnechnyy,RU,50.7214,136.6319,10.87,100,3.53,RU,overcast clouds
287,Siocon,PH,7.7061,122.1353,84.36,100,4.76,PH,overcast clouds
288,Ganzhou,CN,28.8184,115.4327,43.5,100,2.84,CN,overcast clouds
289,Wajima,JP,37.4,136.9,41.68,40,6.91,JP,scattered clouds
290,Porto Velho,BR,-8.7619,-63.9039,77.05,20,3.44,BR,few clouds
291,Neyshabur,IR,36.2133,58.7958,44.76,46,1.16,IR,scattered clouds
292,La Rioja,ES,42.25,-2.5,36.05,98,5.03,ES,overcast clouds
293,Interlaken,US,36.9513,-121.7338,70.18,0,4.61,US,clear sky
294,Bangassou,CF,4.7413,22.8184,68.67,38,3.89,CF,scattered clouds
295,Comodoro Rivadavia,AR,-45.8667,-67.5,51.66,0,3.44,AR,clear sky
296,Peruibe,BR,-24.32,-46.9983,72.73,63,5.95,BR,broken clouds
297,Eseka,CM,3.65,10.7667,71.56,36,0.51,CM,scattered clouds
298,Saint-Ambroise,CA,48.5501,-71.3324,34.11,100,13.0,CA,light snow
299,Rio Gallegos,AR,-51.6226,-69.2181,46.45,0,24.16,AR,clear sky
300,Kristiansund,NO,63.1115,7.732,30.25,100,22.97,NO,light snow
301,Linhares,BR,-19.3911,-40.0722,74.46,100,1.01,BR,overcast clouds
302,Uray,RU,60.1247,64.7758,-1.64,17,11.86,RU,few clouds
303,Atherton,GB,53.5237,-2.4935,41.43,11,5.99,GB,few clouds
304,Inhambane,MZ,-23.865,35.3833,73.72,0,6.71,MZ,clear sky
305,Lubao,PH,14.9167,120.55,86.02,63,15.26,PH,broken clouds
306,Uzventis,LT,55.7803,22.6547,32.07,100,10.67,LT,overcast clouds
307,Makarov,RU,48.6333,142.8,25.72,39,2.21,RU,scattered clouds
308,Saint Anthony,US,45.0205,-93.218,41.32,100,16.11,US,overcast clouds
309,Nufaru,RO,45.15,28.9167,36.46,7,4.61,RO,clear sky
310,Lugovoy,KZ,42.9472,72.7644,29.44,100,6.06,KZ,overcast clouds
311,Khatanga,RU,71.9667,102.5,-4.77,17,13.22,RU,few clouds
312,College,US,64.8569,-147.8028,-5.35,20,3.44,US,few clouds
313,Kuching,MY,1.55,110.3333,79.02,40,3.0,MY,scattered clouds
314,Hofn,IS,64.2539,-15.2082,28.45,13,9.69,IS,few clouds
315,Tura,IN,25.5198,90.2201,60.28,0,1.36,IN,clear sky
316,Cockburn Town,TC,21.4612,-71.1419,77.95,0,18.9,TC,clear sky
317,Maldonado,UY,-34.6667,-54.9167,69.19,4,11.21,UY,clear sky
318,Mattru,SL,7.6244,-11.8332,72.86,0,0.69,SL,clear sky
319,Menongue,AO,-14.6585,17.691,61.38,100,2.26,AO,overcast clouds
320,Sola,VU,-13.8833,167.55,81.72,100,20.11,VU,overcast clouds
321,Harper,LR,4.375,-7.7169,78.28,5,5.61,LR,clear sky
322,Vila Franca Do Campo,PT,37.7167,-25.4333,59.2,99,6.51,PT,overcast clouds
323,Salvador,SV,13.8333,-88.9167,72.05,47,2.39,SV,scattered clouds
324,Fairland,US,39.0762,-76.9577,46.81,0,0.0,US,clear sky
325,Shreveport,US,32.5251,-93.7502,55.94,0,4.61,US,clear sky
326,Vilhena,BR,-12.7406,-60.1458,68.67,99,2.73,BR,overcast clouds
327,Mahibadhoo,MV,3.7833,72.9667,81.81,70,9.66,MV,broken clouds
328,Bathsheba,BB,13.2167,-59.5167,77.61,40,18.41,BB,scattered clouds
329,Necochea,AR,-38.5473,-58.7368,65.03,100,11.3,AR,light rain
330,Verkh-Chebula,RU,56.0308,87.6218,-19.75,41,2.28,RU,scattered clouds
331,Aberdeen,GB,57.1437,-2.0981,39.81,9,11.5,GB,clear sky
332,Xai-Xai,MZ,-25.0519,33.6442,66.56,1,3.44,MZ,clear sky
333,Laukaa,RU,58.7372,29.8453,31.08,66,9.46,RU,broken clouds
334,Nantucket,US,41.2835,-70.0995,42.91,0,12.66,US,clear sky
335,Jinka,ET,5.65,36.65,70.18,84,3.27,ET,broken clouds
336,Codrington,AU,-38.2667,141.9667,66.07,100,16.04,AU,overcast clouds
337,Liwale,TZ,-9.7667,37.9333,68.61,99,2.08,TZ,overcast clouds
338,Bunia,CD,1.5667,30.25,67.24,100,2.15,CD,overcast clouds
339,Xiongzhou,CN,25.1167,114.3,49.95,100,2.82,CN,overcast clouds
340,Adrar,MR,20.5022,-10.0711,60.1,70,12.01,MR,broken clouds
341,Karratha,AU,-20.7377,116.8463,90.86,32,17.87,AU,scattered clouds
342,Santiago De Cuba,CU,20.0247,-75.8219,78.42,40,3.44,CU,scattered clouds
343,Pueblo Bello,CO,8.2041,-76.526,77.5,94,2.17,CO,overcast clouds
344,Vicuna,CL,-30.0319,-70.7081,56.93,1,1.25,CL,clear sky
345,Holt,US,42.6406,-84.5153,29.44,100,11.5,US,overcast clouds
346,Dunda,TZ,-8.1167,34.25,63.91,100,1.88,TZ,overcast clouds
347,Katherine,AU,-14.4667,132.2667,91.72,5,4.61,AU,clear sky
348,Nuevo Progreso,MX,23.1667,-97.95,62.89,100,1.99,MX,overcast clouds
349,Azangaro,PE,-14.9167,-70.2167,42.57,100,5.32,PE,overcast clouds
350,Antalaha,MG,-14.9003,50.2788,73.4,8,4.65,MG,light rain
351,Vangaindrano,MG,-23.35,47.6,73.33,13,2.82,MG,few clouds
352,Afonso Bezerra,BR,-5.4983,-36.5056,77.45,100,7.29,BR,overcast clouds
353,Oriximina,BR,-1.7656,-55.8661,74.26,100,2.35,BR,overcast clouds
354,Cap-Aux-Meules,CA,47.3821,-61.8597,32.05,100,17.27,CA,overcast clouds
355,Ilulissat,GL,69.2167,-51.1,-0.38,100,4.61,GL,overcast clouds
356,Tazmalt,DZ,36.3868,4.3989,45.95,40,3.56,DZ,scattered clouds
357,Eugene,US,44.0521,-123.0867,47.25,100,9.22,US,mist
358,Gwanda,ZW,-20.9333,29.0,65.89,1,1.52,ZW,clear sky
359,Chodavaram,IN,17.8333,82.95,69.64,69,2.46,IN,broken clouds
360,Camacha,PT,33.0833,-16.3333,61.56,20,8.05,PT,few clouds
361,Kijang,KR,35.2442,129.2139,46.13,0,0.74,KR,clear sky
362,Lapua,FI,62.9693,23.0088,29.91,26,7.74,FI,scattered clouds
363,Puqi,CN,29.7167,113.8833,41.94,100,6.02,CN,overcast clouds
364,Stornoway,GB,58.2093,-6.3865,33.76,75,6.91,GB,broken clouds
365,Svetlogorsk,BY,52.6333,29.7333,36.64,100,12.44,BY,overcast clouds
366,Encarnacion,PY,-27.3333,-55.9,86.52,0,1.14,PY,clear sky
367,Toronto,CA,43.7001,-79.4163,33.31,100,14.97,CA,overcast clouds
368,Gizo,SB,-8.103,156.8419,81.52,72,8.05,SB,moderate rain
369,Saldanha,ZA,-33.0117,17.9442,57.25,0,10.87,ZA,clear sky
370,Guanhaes,BR,-18.775,-42.9325,66.02,100,2.46,BR,overcast clouds
371,Darnah,LY,32.767,22.6367,54.79,4,18.66,LY,clear sky
372,Tuatapere,NZ,-46.1333,167.6833,63.82,62,11.14,NZ,broken clouds
373,Pizarro,CO,4.9533,-77.366,75.9,100,4.07,CO,light rain
374,Mgandu,TZ,-5.95,34.1333,59.27,99,3.02,TZ,overcast clouds
375,Streator,US,41.1209,-88.8354,32.23,100,4.0,US,overcast clouds
376,Saint-Pierre,RE,-21.3393,55.4781,74.88,0,8.05,RE,clear sky
377,Murray Bridge,AU,-35.1167,139.2667,80.31,92,11.65,AU,overcast clouds
378,Hede,CN,33.7681,120.2517,46.78,100,8.75,CN,overcast clouds
379,Coahuayana,MX,18.7333,-103.6833,67.35,0,3.85,MX,clear sky
380,Chernolesskoye,RU,44.7156,43.7133,36.23,71,11.99,RU,broken clouds
381,Vanino,RU,49.0869,140.2543,21.25,84,2.39,RU,broken clouds
382,Aswan,EG,24.0934,32.907,48.74,0,10.11,EG,clear sky
383,Mehamn,NO,71.0357,27.8492,26.69,99,10.89,NO,light snow
384,Sept-Iles,CA,50.2001,-66.3821,30.72,100,11.5,CA,overcast clouds
385,Acheng,CN,45.5454,126.977,13.93,100,2.1,CN,snow
386,Port Lincoln,AU,-34.7333,135.8667,67.91,4,13.85,AU,clear sky
387,Tigil,RU,57.8,158.6667,7.86,97,2.57,RU,overcast clouds
388,Egvekinot,RU,66.3167,-179.1667,-22.88,29,4.34,RU,scattered clouds
389,Yar-Sale,RU,66.8333,70.8333,5.13,87,17.07,RU,overcast clouds
390,Sucevita,RO,47.7833,25.7167,35.44,37,6.64,RO,scattered clouds
391,Chunskiy,RU,56.0815,99.6342,-12.05,59,2.21,RU,broken clouds
392,Freeport,US,40.6576,-73.5832,47.01,0,10.36,US,clear sky
393,Obreja,RO,45.4833,22.25,37.9,0,3.49,RO,clear sky
394,Kruisfontein,ZA,-34.0033,24.7314,60.3,0,3.6,ZA,clear sky
395,Lorengau,PG,-2.0226,147.2712,82.45,100,6.76,PG,overcast clouds
396,Poum,NC,-20.2333,164.0167,81.41,100,23.04,NC,overcast clouds
397,Bairiki,KI,1.3292,172.9752,87.8,20,14.97,KI,few clouds
398,Port Hedland,AU,-20.3167,118.5667,93.25,6,16.11,AU,clear sky
399,Kayasula,RU,44.325,45.0,37.78,100,13.56,RU,overcast clouds
400,Jinxiang,CN,27.4327,120.6062,48.06,100,7.25,CN,overcast clouds
401,Saint-Leu,RE,-21.15,55.2833,74.26,8,7.61,RE,clear sky
402,Kenai,US,60.5544,-151.2583,29.03,100,5.75,US,overcast clouds
403,Anadyr,RU,64.75,177.4833,-16.1,0,8.95,RU,clear sky
404,General Pico,AR,-35.6566,-63.7568,65.26,92,10.02,AR,overcast clouds
405,Iki-Burul,RU,45.8208,44.6472,34.14,100,15.68,RU,light snow
406,Masterton,NZ,-40.9597,175.6575,70.36,100,0.4,NZ,light rain
407,Taltal,CL,-25.4,-70.4833,66.47,0,3.85,CL,clear sky
408,Tateyama,JP,34.9833,139.8667,49.1,99,18.48,JP,overcast clouds
409,Kahului,US,20.8947,-156.47,82.42,20,16.11,US,few clouds
410,Krasnoselkup,RU,65.7,82.4667,-10.55,79,10.29,RU,broken clouds
411,Krasnoarmeysk,RU,51.0239,45.6969,32.07,82,12.15,RU,broken clouds
412,Iracoubo,GF,5.4802,-53.2011,75.78,85,9.4,GF,overcast clouds
413,Izvestkovyy,RU,48.9833,131.55,13.5,100,1.95,RU,overcast clouds
414,Ostrovnoy,RU,68.0531,39.5131,24.71,100,17.0,RU,overcast clouds
415,Apollonia,GR,36.9716,24.7231,51.67,0,13.24,GR,clear sky
416,Bayan,CN,46.0833,127.4,16.47,100,9.89,CN,snow
417,Yankton,US,42.8711,-97.3973,48.45,100,19.57,US,light rain
418,Mendeleyevo,RU,56.0333,37.2167,31.78,0,13.42,RU,light snow
419,Moa,CU,20.6569,-74.9403,75.27,3,5.79,CU,clear sky
420,Henties Bay,NA,-22.116,14.2845,70.86,79,8.79,NA,broken clouds
421,Sinnamary,GF,5.3833,-52.95,75.81,78,9.73,GF,broken clouds
422,Willowmore,ZA,-33.2926,23.4895,61.47,3,5.06,ZA,clear sky
423,Cambridge,CA,43.3601,-80.3127,31.37,100,13.8,CA,overcast clouds
424,Kentau,KZ,43.5206,68.5094,36.63,74,8.43,KZ,broken clouds
425,Marawi,PH,7.9986,124.2928,72.64,100,4.25,PH,overcast clouds
426,Le Port,RE,-20.9373,55.2919,75.2,9,5.35,RE,clear sky
427,Faya,SA,18.3851,42.4509,52.32,11,3.38,SA,few clouds
428,Acapulco,MX,16.8634,-99.8901,78.62,0,5.75,MX,clear sky
429,Leshukonskoye,RU,64.8989,45.7622,20.19,100,10.51,RU,overcast clouds
430,Panjakent,TJ,39.4952,67.6093,40.8,100,9.28,TJ,overcast clouds
431,Lobva,RU,59.1854,60.5185,9.01,100,10.33,RU,overcast clouds
432,Stillwater,US,36.1156,-97.0584,52.84,0,4.61,US,clear sky
433,Casablanca,MA,33.5928,-7.6192,60.33,100,4.0,MA,overcast clouds
434,Lakes Entrance,AU,-37.8811,147.981,74.16,8,10.65,AU,clear sky
435,Naze,JP,28.3667,129.4833,59.92,34,8.7,JP,scattered clouds
436,Srednekolymsk,RU,67.45,153.6833,-25.56,27,3.27,RU,scattered clouds
437,Katangli,RU,51.7102,143.2326,26.46,100,4.07,RU,light snow
438,Boulsa,BF,12.6675,-0.5758,71.56,0,9.69,BF,clear sky
439,Vesyegonsk,RU,58.664,37.2604,27.55,98,8.14,RU,overcast clouds
440,San Antonio,US,29.4241,-98.4936,61.59,0,6.91,US,clear sky
441,Priladozhskiy,RU,59.85,31.4833,32.14,100,10.02,RU,overcast clouds
442,Riyadh,SA,24.6877,46.7219,59.14,0,11.63,SA,clear sky
443,Zhanakorgan,KZ,43.9098,67.2495,34.57,80,8.25,KZ,broken clouds
444,Moussoro,TD,13.6408,16.4901,59.25,1,17.38,TD,clear sky
445,Lieksa,FI,63.3167,30.0167,19.45,99,9.06,FI,overcast clouds
446,Lokoja,NG,7.8024,6.743,75.65,98,4.12,NG,overcast clouds
447,Touros,BR,-5.1989,-35.4608,79.7,9,9.8,BR,clear sky
448,Kawalu,ID,-7.3817,108.2082,80.55,100,1.3,ID,overcast clouds
449,Khandbari,NP,27.3747,87.2039,53.83,60,0.18,NP,broken clouds
450,Alofi,NU,-19.0595,-169.9187,85.89,2,12.66,NU,clear sky
451,Makambako,TZ,-8.8453,34.823,57.9,100,2.24,TZ,overcast clouds
452,Portland,US,45.5234,-122.6762,49.6,75,8.05,US,broken clouds
453,Myingyan,MM,21.4667,95.3833,73.85,2,3.87,MM,clear sky
454,Rocha,UY,-34.4833,-54.3333,63.61,0,6.22,UY,clear sky
455,Padang,ID,-0.9492,100.3543,80.65,100,0.76,ID,overcast clouds
456,Ketchikan,US,55.3422,-131.6461,39.18,40,0.0,US,scattered clouds
457,Novominskaya,RU,46.3163,38.9586,39.87,100,8.97,RU,overcast clouds
458,La Ronge,CA,55.1001,-105.2842,-3.75,0,10.36,CA,clear sky
459,Pasaje,EC,-3.3333,-79.8167,78.87,98,0.74,EC,overcast clouds
460,Sagua De Tanamo,CU,20.5819,-75.2414,71.82,3,2.55,CU,clear sky
461,Umm Lajj,SA,25.0213,37.2685,59.9,0,11.74,SA,clear sky
462,Yulara,AU,-25.2406,130.9889,85.84,0,11.5,AU,clear sky
463,Rosita,NI,13.9268,-84.4032,71.38,27,3.0,NI,scattered clouds
464,Lincoln,US,40.8,-96.667,54.84,100,14.97,US,overcast clouds
465,Banda Aceh,ID,5.5577,95.3222,83.07,30,2.93,ID,scattered clouds
466,Plettenberg Bay,ZA,-34.0527,23.3716,62.76,10,2.64,ZA,clear sky
467,Ampanihy,MG,-24.7,44.75,73.4,100,8.7,MG,overcast clouds
468,Conde,BR,-7.2597,-34.9075,80.06,40,4.61,BR,scattered clouds
469,Abu Dhabi,AE,24.4667,54.3667,63.97,0,2.3,AE,clear sky
470,Wuan,CN,31.6836,112.0044,49.23,92,7.67,CN,overcast clouds
471,Kalmunai,LK,7.4167,81.8167,77.23,98,3.49,LK,very heavy rain
472,Iquitos,PE,-3.7481,-73.2472,77.04,40,0.0,PE,scattered clouds
473,Pacifica,US,37.6138,-122.4869,69.53,0,12.66,US,clear sky
474,Kjopsvik,NO,68.097,16.3742,31.17,100,7.47,NO,light snow
475,Gat,IL,31.61,34.7642,51.4,30,1.41,IL,scattered clouds
476,Saint-Joseph,RE,-21.3667,55.6167,73.78,14,3.31,RE,few clouds
477,Douglas,US,41.3,-96.167,54.7,100,19.57,US,overcast clouds
478,Howard,US,39.2504,-76.933,46.83,73,4.38,US,broken clouds
479,Jardim,BR,-21.4803,-56.1381,71.4,0,3.44,BR,clear sky
480,Bichena,ET,10.45,38.2,56.43,87,1.54,ET,overcast clouds
481,Pandan,PH,14.0453,124.1694,80.6,96,13.67,PH,overcast clouds
482,Omboue,GA,-1.5746,9.2618,77.25,98,4.76,GA,overcast clouds
483,Maxixe,MZ,-23.8597,35.3472,72.0,0,5.44,MZ,clear sky
484,Sao Joao Da Barra,BR,-21.6403,-41.0511,71.64,100,6.93,BR,light rain
485,Puerto Madryn,AR,-42.7692,-65.0385,60.08,0,16.31,AR,clear sky
486,Panama City,PA,8.9936,-79.5197,79.18,20,9.22,PA,few clouds
487,Matara,LK,5.9485,80.5353,78.76,64,5.14,LK,broken clouds
488,Dakar,SN,14.6937,-17.4441,85.08,47,17.85,SN,scattered clouds
489,Oropoli,HN,13.8167,-86.8167,76.1,9,4.25,HN,clear sky
490,Ahipara,NZ,-35.1667,173.1667,77.97,63,10.49,NZ,broken clouds
491,Qaqortoq,GL,60.7167,-46.0333,18.1,92,6.93,GL,overcast clouds
492,Paita,PE,-5.0892,-81.1144,73.35,98,8.84,PE,overcast clouds
493,Nome,US,64.5011,-165.4064,-9.33,0,0.0,US,clear sky
494,Markala,ML,13.7021,-6.0659,69.31,1,14.2,ML,clear sky
495,Baker City,US,44.7749,-117.8344,42.82,66,1.7,US,broken clouds
496,Huarmey,PE,-10.0681,-78.1522,71.44,100,5.84,PE,overcast clouds
497,Fredericton,CA,45.9454,-66.6656,37.36,100,9.22,CA,overcast clouds
498,Zunyi,CN,27.6867,106.9072,37.92,100,1.12,CN,overcast clouds
499,Rosetta,EG,31.4044,30.4164,49.82,99,6.44,EG,overcast clouds
500,Anchorage,US,61.2181,-149.9003,31.21,0,17.27,US,clear sky
501,Dinar,TR,38.065,30.1656,28.18,3,5.1,TR,clear sky
502,El Jicaro,GT,14.9167,-89.9,68.68,24,3.69,GT,few clouds
503,Deder,ET,9.3167,41.45,52.92,4,3.74,ET,clear sky
504,Hasaki,JP,35.7333,140.8333,43.29,100,23.2,JP,light rain
505,Mayumba,GA,-3.432,10.6554,76.6,60,6.73,GA,light rain
506,Bargi,IN,22.9833,79.8667,52.57,2,4.21,IN,clear sky
507,Hailar,CN,49.2,119.7,1.99,100,7.7,CN,overcast clouds
508,Miraflores,MX,19.2167,-98.8083,59.04,4,4.16,MX,clear sky
509,Sulecin,PL,52.4443,15.1168,39.72,100,6.49,PL,overcast clouds
510,Villa Carlos Paz,AR,-31.4241,-64.4978,70.05,100,4.0,AR,overcast clouds
511,San Vicente,AR,-26.6167,-54.1333,68.34,2,2.39,AR,clear sky
512,Madhipura,IN,25.9167,86.7833,61.9,0,10.54,IN,clear sky
513,Podyuga,RU,61.095,40.8647,25.61,100,5.14,RU,overcast clouds
514,Isangel,VU,-19.55,169.2667,86.11,75,11.5,VU,broken clouds
515,Mufumbwe,ZM,-13.6833,24.8,62.15,100,3.83,ZM,light rain
516,Hami,CN,42.8,93.45,26.62,100,7.54,CN,overcast clouds
517,Nioro,GM,13.35,-15.75,79.43,5,10.98,GM,clear sky
518,Kidal,ML,18.4411,1.4078,64.71,0,9.24,ML,clear sky
519,Waipawa,NZ,-41.4122,175.5153,66.94,100,6.4,NZ,overcast clouds
520,Cricau,RO,46.1833,23.5667,25.36,9,2.86,RO,clear sky
521,Mindelo,CV,16.8901,-24.9804,72.95,100,16.11,CV,overcast clouds
522,Usinsk,RU,65.9939,57.5281,23.14,100,21.7,RU,overcast clouds
523,Waycross,US,31.2136,-82.354,48.67,0,0.0,US,clear sky
524,Ulaanbaatar,MN,47.9077,106.8832,-12.87,0,4.47,MN,clear sky
525,Ndele,CF,8.4109,20.6473,68.49,26,5.26,CF,scattered clouds
526,Ust-Barguzin,RU,53.45,108.9833,-5.26,100,3.22,RU,overcast clouds
527,Mumbwa,ZM,-14.9783,27.0619,62.58,100,3.96,ZM,overcast clouds
528,Odweyne,SO,9.4092,45.064,57.33,0,4.38,SO,clear sky
529,Sombrio,BR,-29.1139,-49.6167,73.94,31,7.0,BR,scattered clouds
530,Kargasok,RU,59.0556,80.8572,-20.79,27,2.01,RU,scattered clouds
531,Lakota,CI,5.8528,-5.6883,70.65,46,2.06,CI,scattered clouds
532,Shirokiy,RU,49.758,129.523,8.49,100,4.85,RU,overcast clouds
533,Baherden,TM,38.4362,57.4316,50.5,100,11.27,TM,overcast clouds
534,Turukhansk,RU,65.8167,87.9833,-25.1,9,4.34,RU,clear sky
535,Dali,CN,25.7,100.1833,51.06,14,4.5,CN,few clouds
536,Westport,US,41.1415,-73.3579,46.38,0,6.91,US,clear sky
537,Cairns,AU,-16.9167,145.7667,91.11,25,8.05,AU,scattered clouds
538,Caravelas,BR,-17.7125,-39.2481,74.86,5,5.03,BR,clear sky
539,Newport,GB,51.5877,-2.9984,40.86,2,4.88,GB,clear sky
540,Grande Prairie,CA,55.1667,-118.8027,39.38,20,20.71,CA,few clouds
541,Manono,CD,-7.3,27.4167,67.05,100,3.91,CD,overcast clouds
542,Yurimaguas,PE,-5.9,-76.0833,72.41,84,2.01,PE,broken clouds
543,Vanderhoof,CA,54.0166,-124.0198,32.27,6,4.94,CA,clear sky
544,Erdaojiang,CN,41.7764,126.0319,28.76,100,6.17,CN,overcast clouds
545,Guanica,PR,17.9716,-66.908,77.05,5,1.99,PR,clear sky
546,Roseburg,US,43.2165,-123.3417,53.51,0,0.0,US,clear sky
547,Winslow,US,35.0242,-110.6974,47.97,0,6.91,US,clear sky
548,Moree,AU,-29.4667,149.85,93.22,0,12.66,AU,clear sky
549,Guerrero Negro,MX,27.9769,-114.0611,64.63,0,4.92,MX,clear sky
550,Korla,CN,41.7597,86.1469,28.42,18,5.26,CN,few clouds
551,La Peca,PE,-5.6111,-78.435,67.46,82,2.57,PE,broken clouds
552,Kashan,IR,33.9831,51.4364,47.79,0,2.3,IR,clear sky
553,Verkhoturye,RU,58.8627,60.8054,8.62,100,11.63,RU,overcast clouds
554,Komsomolskiy,UZ,40.4272,71.7189,33.22,100,2.3,UZ,overcast clouds
555,Abu Kamal,SY,34.4506,40.9171,47.61,52,9.57,SY,broken clouds
556,Pangody,RU,65.85,74.4859,-1.16,28,15.7,RU,scattered clouds
557,Half Moon Bay,US,37.4636,-122.4286,69.71,0,12.66,US,clear sky
558,Vieste,IT,41.8825,16.175,39.7,1,4.38,IT,clear sky
559,Enumclaw,US,47.2043,-121.9915,45.99,10,1.01,US,clear sky
560,Saint-Georges,GD,12.0564,-61.7485,77.4,2,16.8,GD,clear sky
561,Vestmanna,FO,62.1564,-7.1664,34.72,40,19.57,FO,scattered clouds
562,Coruche,PT,38.9595,-8.5252,56.91,98,5.48,PT,overcast clouds
563,Cuicatlan,MX,17.8,-96.9667,64.74,90,2.68,MX,overcast clouds
564,Kamenka,RU,51.3223,42.7678,30.74,100,10.76,RU,overcast clouds
565,Aliwal North,ZA,-30.6937,26.7114,63.36,0,1.14,ZA,clear sky
566,Natal,BR,-5.795,-35.2094,80.82,20,5.75,BR,few clouds
567,San Cristobal,VE,7.7669,-72.225,71.78,84,1.54,VE,broken clouds
568,Surt,LY,31.2089,16.5887,57.51,100,5.53,LY,overcast clouds
569,Banjar,ID,-8.19,114.9675,82.26,99,2.91,ID,overcast clouds
570,Kampot,KH,10.6167,104.1833,84.25,100,4.38,KH,overcast clouds
571,Pinsk,BY,52.1229,26.0951,41.34,100,15.08,BY,overcast clouds
572,Sampit,ID,-2.5333,112.95,81.01,100,2.66,ID,overcast clouds
573,Gazojak,TM,41.1875,61.4036,46.94,100,5.82,TM,overcast clouds
574,Sortland,NO,68.6949,15.4162,26.78,100,12.55,NO,snow
575,Kahramanmaras,TR,38.0,37.0,25.43,82,4.05,TR,broken clouds
576,Veraval,IN,20.9,70.3667,68.77,33,15.88,IN,scattered clouds
577,Ca Mau,VN,9.1769,105.15,87.58,100,15.73,VN,overcast clouds
578,Istmina,CO,5.1605,-76.684,78.6,100,2.06,CO,overcast clouds
579,Ballina,AU,-28.8667,153.5667,82.78,75,17.27,AU,light rain
580,Karakol,KG,42.4907,78.3936,15.28,51,6.26,KG,broken clouds
581,Kamina,CD,-8.7386,24.9906,63.52,100,0.87,CD,overcast clouds
582,Evensk,RU,61.95,159.2333,-5.69,42,2.08,RU,scattered clouds
583,Yekaterinovka,RU,52.0508,44.3451,28.24,100,11.54,RU,overcast clouds
584,Megion,RU,61.0296,76.1136,-9.38,37,7.4,RU,scattered clouds
585,Buin,CL,-33.7333,-70.75,69.73,6,2.35,CL,clear sky
586,Buala,SB,-8.145,159.5921,82.8,80,11.27,SB,moderate rain
587,Pindwara,IN,24.8,73.0667,58.77,0,2.84,IN,clear sky
588,Nyurba,RU,63.2842,118.3319,-18.04,89,4.47,RU,overcast clouds
589,Arona,ES,28.0996,-16.681,68.31,0,9.22,ES,clear sky
590,Sao Jose Da Coroa Grande,BR,-8.8978,-35.1478,78.73,100,7.72,BR,overcast clouds
591,Yenagoa,NG,4.9247,6.2642,75.33,64,2.53,NG,broken clouds
592,Kutum,SD,14.2,24.6667,48.99,0,7.4,SD,clear sky
593,Waw,SS,7.7029,27.9953,76.23,94,7.63,SS,overcast clouds
594,Chicama,PE,-7.8447,-79.1469,68.54,98,4.38,PE,overcast clouds
595,Labuhan,ID,-6.8844,112.2051,81.3,100,5.28,ID,overcast clouds
596,Portalegre,PT,39.2938,-7.4312,42.93,100,2.95,PT,overcast clouds
597,Baffa,PK,34.4378,73.2194,42.89,0,5.97,PK,clear sky
598,Talnakh,RU,69.4865,88.3972,-0.8,22,12.15,RU,few clouds
599,Hervey Bay,AU,-25.2986,152.8535,87.04,0,22.64,AU,clear sky
600,Guiberoua,CI,6.2392,-6.1727,69.78,18,1.5,CI,few clouds
601,Payo,ID,-3.7508,103.6372,77.54,100,2.04,ID,overcast clouds
602,Las Palmas,ES,28.4204,-14.0131,63.39,22,4.61,ES,few clouds
603,Boali,CF,4.8005,18.1275,73.27,3,3.0,CF,clear sky
604,Colquiri,BO,-17.4167,-67.1333,39.0,70,5.48,BO,broken clouds
605,Kumluca,TR,36.3703,30.2869,42.67,0,3.4,TR,clear sky
606,Nha Trang,VN,12.25,109.1833,82.4,92,7.81,VN,overcast clouds
607,Asosa,ET,10.0667,34.5333,65.17,20,6.44,ET,few clouds
608,Goure,NE,13.9835,10.2704,58.15,4,9.15,NE,clear sky
609,Erenhot,CN,43.6475,111.9767,5.58,100,4.16,CN,overcast clouds
610,Pareora,NZ,-44.4871,171.2132,68.18,96,8.88,NZ,overcast clouds
611,Taos,US,36.4072,-105.5731,39.22,0,4.61,US,clear sky
612,Benghazi,LY,32.1167,20.0667,53.96,0,7.83,LY,clear sky
613,Tarakan,ID,3.3,117.6333,80.1,100,3.44,ID,overcast clouds
614,Lat Yao,TH,15.751,99.7893,87.28,69,1.99,TH,broken clouds
615,Todi,IT,42.7799,12.4046,43.29,0,2.48,IT,clear sky
616,Vetlanda,SE,57.4289,15.0776,35.62,76,8.08,SE,broken clouds
617,Bari Sadri,IN,24.4167,74.4667,46.74,0,6.35,IN,clear sky
618,Burnie,AU,-41.0667,145.9167,72.95,0,9.01,AU,clear sky
619,Chilca,PE,-12.5211,-76.7372,73.08,85,4.0,PE,overcast clouds
620,Kalispell,US,48.1958,-114.3129,46.44,0,4.61,US,clear sky
621,Hacari,CO,8.3233,-73.1489,63.3,45,2.37,CO,scattered clouds
622,Sena Madureira,BR,-9.0656,-68.6569,72.14,82,2.1,BR,broken clouds
623,Soyo,AO,-6.1349,12.3689,75.96,48,8.28,AO,scattered clouds
624,Kamiiso,JP,41.8167,140.65,32.38,20,4.61,JP,few clouds
625,High Level,CA,58.5169,-117.136,6.91,100,2.3,CA,snow
626,Makarska,HR,43.2969,17.0178,42.94,0,3.6,HR,clear sky
627,Fussen,DE,47.8739,12.1695,44.35,100,5.3,DE,overcast clouds
628,Lufilufi,WS,-13.8745,-171.5986,82.18,18,13.6,WS,light rain
629,Hirara,JP,24.8,125.2833,66.47,75,16.11,JP,broken clouds
630,Gumdag,TM,39.2061,54.5906,47.64,100,7.07,TM,overcast clouds
631,Deputatskiy,RU,69.3,139.9,-9.17,100,3.91,RU,overcast clouds
632,Yorkton,CA,51.2167,-102.4677,10.24,100,28.77,CA,overcast clouds
633,Huangchuan,CN,32.1272,115.0394,46.53,98,10.78,CN,overcast clouds
634,Asadabad,IR,34.7824,48.1185,34.45,99,4.34,IR,overcast clouds
635,Alyangula,AU,-13.8483,136.4192,91.27,40,11.5,AU,scattered clouds
636,Promyshlennovskiy,RU,55.4833,86.2,-5.03,35,3.47,RU,scattered clouds
637,Kenora,CA,49.8167,-94.4337,19.38,100,4.0,CA,mist
638,Port-Cartier,CA,50.0334,-66.8654,30.42,100,2.42,CA,light snow
639,Gondar,ET,12.6,37.4667,59.58,34,4.34,ET,scattered clouds
640,Padilla,CO,3.2204,-76.3139,71.17,100,1.21,CO,overcast clouds
641,Santiago Del Estero,AR,-27.7951,-64.2615,86.97,100,12.03,AR,overcast clouds
642,Shetpe,KZ,44.1667,52.1167,29.79,18,11.95,KZ,few clouds
643,Kimbe,PG,-5.5502,150.1429,84.99,68,6.11,PG,moderate rain
644,Whitecourt,CA,54.1502,-115.6855,38.44,100,6.91,CA,overcast clouds
645,San Jose,US,37.3394,-121.895,69.67,0,3.44,US,clear sky
646,Ust-Maya,RU,60.4167,134.5333,-13.27,99,3.2,RU,overcast clouds
647,Talakan,RU,50.3167,130.3667,10.56,100,2.15,RU,overcast clouds
648,Puerto Leguizamo,CO,-0.1934,-74.7819,72.52,69,0.78,CO,broken clouds
649,Great Yarmouth,GB,52.6083,1.7305,38.95,13,19.55,GB,few clouds
650,Ormara,PK,25.2088,64.6357,67.91,0,1.83,PK,clear sky
651,Asola,IT,45.2211,10.4136,49.44,100,1.21,IT,overcast clouds
652,Guarapari,BR,-20.6667,-40.4975,76.89,96,3.15,BR,overcast clouds
653,Port Keats,AU,-14.25,129.55,90.07,67,2.06,AU,broken clouds
654,Tambovka,RU,50.0969,128.0489,-7.49,100,8.39,RU,overcast clouds
655,Quesnel,CA,52.9999,-122.5029,37.9,0,3.44,CA,clear sky
656,Hanzhong,CN,33.0728,107.0303,46.83,100,1.48,CN,overcast clouds
657,Seymchan,RU,62.8833,152.4333,-27.53,94,1.45,RU,overcast clouds
658,Emba,KZ,48.8264,58.1442,27.25,100,7.0,KZ,snow
659,Nangong,CN,37.3581,115.3744,44.85,100,6.51,CN,overcast clouds
660,Kloulklubed,PW,7.0419,134.2556,84.7,100,18.21,PW,overcast clouds
661,Exu,BR,-7.5119,-39.7242,75.61,100,4.05,BR,overcast clouds
662,Denia,ES,38.8408,0.1057,48.74,68,1.99,ES,broken clouds
663,Medea,DZ,36.2642,2.7539,30.65,6,4.29,DZ,clear sky
664,Kologriv,RU,58.8275,44.3178,22.93,100,4.43,RU,light snow
665,Paraiso,CR,9.8383,-83.8656,67.06,76,4.32,CR,broken clouds
666,Hun,LY,29.1268,15.9477,47.35,4,6.22,LY,clear sky
667,Kihei,US,20.785,-156.4656,82.42,20,16.11,US,few clouds
668,Bowling Green,US,36.9903,-86.4436,46.33,0,0.0,US,clear sky
669,Jaguey Grande,CU,22.5269,-81.1286,72.25,13,5.17,CU,light rain
670,Kautokeino,NO,69.0125,23.0412,7.81,100,6.42,NO,overcast clouds
671,Buritis,BR,-15.6178,-46.4233,70.32,100,1.59,BR,overcast clouds
672,Lasa,IT,46.6166,10.7002,35.06,22,2.28,IT,few clouds
673,Bindura,ZW,-17.3019,31.3306,67.01,100,1.01,ZW,overcast clouds
674,Cabedelo,BR,-6.9811,-34.8339,81.27,18,10.65,BR,few clouds
675,Murten,CH,46.9283,7.1172,48.78,75,5.75,CH,broken clouds
676,Adela,PH,12.4416,120.9729,88.34,59,3.69,PH,broken clouds
677,Gunjur,GM,13.2019,-16.7339,75.27,0,6.91,GM,clear sky
678,Prince Rupert,CA,54.3161,-130.3201,38.89,0,5.75,CA,clear sky
679,Galesong,ID,-5.3166,119.3661,80.62,100,7.96,ID,moderate rain
